time,ref.temp,real temp,valve on time
1687754036.2007902,15.1,-7.03,30
1687754041.2289019,15.1,-7.03,30
1687754046.2630692,15.1,-7.03,30
1687754051.3148217,15.1,-7.03,30
1687754056.3492897,15.1,-7.03,30
1687754061.39384,15.1,-7.01,30
1687754066.4281235,15.1,-7.03,30
1687754071.4733076,15.1,-7.03,30
1687754076.5053833,15.1,-7.03,30
1687754081.549319,15.1,-7.03,30
1687754086.5815861,15.1,-7.03,30
1687754091.6252503,15.1,-7.03,30
1687754096.6581059,15.1,-7.03,30
1687754101.7005763,15.1,-7.03,30
1687754106.7334325,15.1,-7.01,30
1687754111.7821531,15.1,-7.03,30
1687754116.8136039,15.1,-7.01,30
1687754121.8584597,15.1,-7.03,30
1687754126.891961,15.1,-7.01,30
1687754131.9374142,15.1,-7.03,30
1687754136.9720905,15.1,-7.03,30
1687754142.0155778,15.1,-7.03,30
1687754147.0513892,15.1,-7.03,30
1687754152.0984788,15.1,-7.01,30
1687754157.1312854,15.1,-7.03,30
1687754162.1759064,15.1,-7.03,30
1687754167.2106378,15.1,-7.03,30
1687754172.259272,15.1,-7.03,30
1687754177.293838,15.1,-7.03,30
1687754182.3380315,15.1,-7.01,30
1687754187.3695633,15.1,-7.03,30
1687754192.4133224,15.1,-7.03,30
1687754197.4487424,15.1,-7.03,30
1687754202.4952543,15.1,-7.03,30
1687754207.5274773,15.1,-7.03,30
1687754212.5730464,15.1,-7.03,30
1687754217.6066108,15.1,-7.03,30
1687754222.6525753,15.1,-7.03,30
1687754227.6897035,15.1,-7.03,30
1687754232.7345831,15.1,-7.03,30
1687754237.7680407,15.1,-7.03,30
1687754242.812542,15.1,-7.03,30
1687754247.8447359,15.1,-7.03,30
1687754252.8867598,15.1,-7.03,30
1687754257.9182923,15.1,-7.03,30
1687754262.9600759,15.1,-7.03,30
1687754267.9936674,15.1,-7.03,30
1687754273.0367148,15.1,-7.03,30
1687754278.069252,15.1,-7.01,30
1687754283.1141677,15.1,-7.03,30
1687754288.1468232,15.1,-7.03,30
1687754293.189524,15.1,-7.03,30
1687754298.22297,15.1,-7.03,30
1687754303.2677093,15.1,-7.03,30
1687754308.2988195,15.1,-7.01,30
1687754313.3443396,15.1,-7.03,30
1687754318.377813,15.1,-7.01,30
1687754323.413058,15.1,-7.03,30
1687754328.4506125,15.1,-7.03,30
1687754333.4833846,15.1,-7.03,30
1687754338.5312862,15.1,-7.03,30
1687754343.56447,15.1,-7.03,30
1687754348.6073482,15.1,-7.03,30
1687754353.6410108,15.1,-7.03,30
1687754358.6866229,15.1,-7.03,30
1687754363.7199788,15.1,-7.03,30
1687754368.7631843,15.1,-7.03,30
1687754373.7971985,15.1,-7.03,30
1687754378.8433523,15.1,-7.03,30
1687754383.8772597,15.1,-7.03,30
1687754388.9212627,15.1,-7.03,30
1687754393.9531002,15.1,-7.03,30
1687754398.9954283,15.1,-7.03,30
1687754404.0266895,15.1,-7.03,30
1687754409.071771,15.1,-7.03,30
1687754414.1051419,15.1,-7.03,30
1687754419.148643,15.1,-7.03,30
1687754424.1821694,15.1,-7.03,30
1687754429.2310007,15.1,-7.03,30
1687754434.2665646,15.1,-7.03,30
1687754439.3095553,15.1,-7.03,30
1687754444.3431714,15.1,-7.03,30
1687754449.3859096,15.1,-7.03,30
1687754454.4169366,15.1,-7.03,30
1687754459.4604876,15.1,-7.03,30
1687754464.4923704,15.1,-7.03,30
1687754469.5374625,15.1,-7.03,30
1687754474.5699008,15.1,-7.03,30
1687754479.6142943,15.1,-7.03,30
1687754484.6508265,15.1,-7.03,30
1687754489.695287,15.1,-7.03,30
1687754494.7293541,15.1,-7.03,30
1687754499.773025,15.1,-7.03,30
1687754504.812356,15.1,-7.03,30
1687754509.8600755,15.1,-7.03,30
1687754514.8917503,15.1,-7.03,30
1687754519.9385438,15.1,-7.03,30
1687754524.9735098,15.1,-7.03,30
1687754530.0213966,15.1,-7.03,30
1687754535.054018,15.1,-7.03,30
1687754540.10225,15.1,-7.03,30
1687754545.1367104,15.1,-7.03,30
1687754550.1781943,15.1,-7.03,30
1687754555.2089984,15.1,-7.03,30
1687754560.2535796,15.1,-7.03,30
1687754565.2902215,15.1,-7.03,30
1687754570.333383,15.1,-7.03,30
1687754575.3659172,15.1,-7.03,30
1687754580.4085426,15.1,-7.03,30
1687754585.4407127,15.1,-7.03,30
1687754590.4847507,15.1,-7.03,30
1687754595.518978,15.1,-7.03,30
1687754600.562505,15.1,-7.03,30
1687754605.5995173,15.1,-7.03,30
1687754610.6431758,15.1,-7.03,30
1687754615.6774487,15.1,-7.03,30
1687754620.7258348,15.1,-7.03,30
1687754625.7553608,15.1,-7.03,30
1687754630.7842507,15.1,-7.03,30
1687754635.8271277,15.1,-7.03,30
1687754640.860179,15.1,-7.03,30
1687754645.9074757,15.1,-7.03,30
1687754650.9406252,15.1,-7.03,30
1687754655.9895053,15.1,-7.03,30
1687754661.0224185,15.1,-7.03,30
1687754666.0666625,15.1,-7.03,30
1687754671.1062891,15.1,-7.03,30
1687754676.1520722,15.1,-7.03,30
1687754681.1839473,15.1,-7.03,30
1687754686.225957,15.1,-7.03,30
1687754691.2589173,15.1,-7.03,30
1687754696.3020294,15.1,-7.03,30
1687754701.3340101,15.1,-7.03,30
1687754706.3788247,15.1,-7.03,30
1687754711.410754,15.1,-7.03,30
1687754716.4537785,15.1,-7.03,30
1687754721.4869661,15.1,-7.03,30
1687754726.5322897,15.1,-7.03,30
1687754731.5657828,15.1,-7.03,30
1687754736.6102202,15.1,-7.03,30
1687754741.6465025,15.1,-7.03,30
1687754746.6898963,15.1,-7.03,30
1687754751.7217717,15.1,-7.03,30
1687754756.7662923,15.1,-7.03,30
1687754761.7998676,15.1,-7.03,30
1687754766.8444521,15.1,-7.03,30
1687754771.879307,15.1,-7.03,30
1687754776.923645,15.1,-7.03,30
1687754781.9581835,15.1,-7.03,30
1687754787.0021136,15.1,-7.03,30
1687754792.0360217,15.1,-7.03,30
1687754797.082802,15.1,-7.03,30
1687754802.1149695,15.1,-7.03,30
1687754807.1593425,15.1,-7.03,30
1687754812.1956015,15.1,-7.03,30
1687754817.239352,15.1,-7.03,30
1687754822.2738569,15.1,-7.03,30
1687754827.3190181,15.1,-7.03,30
1687754832.3529236,15.1,-7.03,30
1687754837.3967454,15.1,-7.03,30
1687754842.4290783,15.1,-7.03,30
1687754847.4716277,15.1,-7.03,30
1687754852.5034263,15.1,-7.03,30
1687754857.5463827,15.1,-7.03,30
1687754862.5806522,15.1,-7.03,30
1687754867.6255677,15.1,-7.03,30
1687754872.6599898,15.1,-7.03,30
1687754877.7057557,15.1,-7.03,30
1687754882.7389596,15.1,-7.03,30
1687754887.7832878,15.1,-7.03,30
1687754892.8151736,15.1,-7.03,30
1687754897.8586605,15.1,-7.03,30
1687754902.8937147,15.1,-7.03,30
1687754907.9379861,15.1,-7.03,30
1687754912.9751937,15.1,-7.03,30
1687754918.0214498,15.1,-7.03,30
1687754923.054742,15.1,-7.03,30
1687754928.098055,15.1,-7.03,30
1687754933.1325674,15.1,-7.03,30
1687754938.1801097,15.1,-7.03,30
1687754943.213235,15.1,-7.03,30
1687754948.2575226,15.1,-7.03,30
1687754953.2893107,15.1,-7.03,30
1687754958.3330529,15.1,-7.03,30
1687754963.3641715,15.1,-7.03,30
1687754968.4112456,15.1,-7.03,30
1687754973.445942,15.1,-7.03,30
1687754978.4904137,15.1,-7.03,30
1687754983.5255635,15.1,-7.03,30
1687754988.5737655,15.1,-7.03,30
1687754993.609044,15.1,-7.03,30
1687754998.6522107,15.1,-7.03,30
1687755003.6857476,15.1,-7.03,30
1687755008.7299802,15.1,-7.03,30
1687755013.762297,15.1,-7.03,30
1687755018.8113828,15.1,-7.03,30
1687755023.8457308,15.1,-7.03,30
1687755028.8940444,15.1,-7.03,30
1687755033.929794,15.1,-7.03,30
1687755038.973457,15.1,-7.03,30
1687755044.006923,15.1,-7.03,30
1687755049.055669,15.1,-7.03,30
1687755054.0915127,15.1,-7.03,30
1687755059.1352503,15.1,-7.03,30
1687755064.1690485,15.1,-7.03,30
1687755069.2124002,15.1,-7.03,30
1687755074.246833,15.1,-7.03,30
1687755079.2899413,15.1,-7.03,30
1687755084.3222942,15.1,-7.03,30
1687755089.366277,15.1,-7.03,30
1687755094.400606,15.1,-7.03,30
1687755099.4439578,15.1,-7.03,30
1687755104.4753401,15.1,-7.03,30
1687755109.5176625,15.1,-7.03,30
1687755114.552515,15.1,-7.03,30
1687755119.5971968,15.1,-7.03,30
1687755124.6319308,15.1,-7.03,30
1687755129.6757426,15.1,-7.03,30
1687755134.708554,15.1,-7.03,30
1687755139.7524261,15.1,-7.03,30
1687755144.784557,15.1,-7.03,30
1687755149.8293378,15.1,-7.03,30
1687755154.8661933,15.1,-7.03,30
1687755159.9106526,15.1,-7.03,30
1687755164.9428902,15.1,-7.03,30
1687755169.985601,15.1,-7.03,30
1687755175.018913,15.1,-7.03,30
1687755180.0631537,15.1,-7.03,30
1687755185.0963154,15.1,-7.03,30
1687755190.1397805,15.1,-7.03,30
1687755195.1716237,15.1,-7.03,30
1687755200.2155542,15.1,-7.03,30
1687755205.2515326,15.1,-7.03,30
1687755210.2945535,15.1,-7.03,30
1687755215.331469,15.1,-7.03,30
1687755220.3803275,15.1,-7.03,30
1687755225.4119153,15.1,-7.03,30
1687755230.439058,15.1,-7.03,30
1687755235.481456,15.1,-7.03,30
1687755240.5147853,15.1,-7.03,30
1687755245.5577486,15.1,-7.03,30
1687755250.5920095,15.1,-7.03,30
1687755255.6369557,15.1,-7.03,30
1687755260.6693993,15.1,-7.03,30
1687755265.7132092,15.1,-7.03,30
1687755270.7463171,15.1,-7.03,30
1687755275.7957351,15.1,-7.03,30
1687755280.8285952,15.1,-7.03,30
1687755285.872968,15.1,-7.03,30
1687755290.9071796,15.1,-7.03,30
1687755295.9525676,15.1,-7.03,30
1687755300.9860582,15.1,-7.03,30
1687755306.0290425,15.1,-7.03,30
1687755311.0631974,15.1,-7.03,30
1687755316.1071064,15.1,-7.03,30
1687755321.1396503,15.1,-7.03,30
1687755326.1836474,15.1,-7.03,30
1687755331.2203195,15.1,-7.03,30
1687755336.2687764,15.1,-7.03,30
1687755341.3044913,15.1,-7.03,30
1687755346.348081,15.1,-7.03,30
1687755351.3799279,15.1,-7.03,30
1687755356.4248824,15.1,-7.03,30
1687755361.4571826,15.1,-7.03,30
1687755366.5009227,15.1,-7.03,30
1687755371.5376215,15.1,-7.03,30
1687755376.5837855,15.1,-7.03,30
1687755381.6198308,15.1,-7.03,30
1687755386.6642618,15.1,-7.03,30
1687755391.697332,15.1,-7.03,30
1687755396.7418165,15.1,-7.03,30
1687755401.7751157,15.1,-7.03,30
1687755406.8179638,15.1,-7.03,30
1687755411.85054,15.1,-7.03,30
1687755416.8971295,15.1,-7.03,30
1687755421.9352727,15.1,-7.03,30
1687755426.9799876,15.1,-7.03,30
1687755432.017222,15.1,-7.03,30
1687755437.0637376,15.1,-7.03,30
1687755442.1010826,15.1,-7.03,30
1687755447.1500695,15.1,-7.03,30
1687755452.1840086,15.1,-7.03,30
1687755457.2296221,15.1,-7.03,30
1687755462.26539,15.1,-7.03,30
1687755467.311895,15.1,-7.03,30
1687755472.348986,15.1,-7.03,30
1687755477.393367,15.1,-7.03,30
1687755482.4288433,15.1,-7.03,30
1687755487.4751298,15.1,-7.03,30
1687755492.5084486,15.1,-7.03,30
1687755497.5571387,15.1,-7.03,30
1687755502.591821,15.1,-7.03,30
1687755507.641151,15.1,-7.03,30
1687755512.6771095,15.1,-7.03,30
1687755517.7221043,15.1,-7.03,30
1687755522.7551,15.1,-7.03,30
1687755527.8021235,15.1,-7.03,30
1687755532.8367703,15.1,-7.03,30
1687755537.8833096,15.1,-7.03,30
1687755542.9236958,15.1,-7.03,30
1687755547.9737966,15.1,-7.03,30
1687755553.0069015,15.1,-7.03,30
1687755558.0556173,15.1,-7.03,30
1687755563.0886366,15.1,-7.03,30
1687755568.137324,15.1,-7.03,30
1687755573.1715589,15.1,-7.03,30
1687755578.2165565,15.1,-7.03,30
1687755583.252033,15.1,-7.03,30
1687755588.2973433,15.1,-7.03,30
1687755593.3332403,15.1,-7.03,30
1687755598.387473,15.1,-7.03,30
1687755603.4225225,15.1,-7.03,30
1687755608.471666,15.1,-7.03,30
1687755613.5083842,15.1,-7.03,30
1687755618.5562718,15.1,-7.03,30
1687755623.591331,15.1,-7.03,30
1687755628.6416268,15.1,-7.03,30
1687755633.6753287,15.1,-7.03,30
1687755638.724438,15.1,-7.03,30
1687755643.7585979,15.1,-7.03,30
1687755648.803778,15.1,-7.03,30
1687755653.8375337,15.1,-7.03,30
1687755658.88165,15.1,-7.03,30
1687755663.9134166,15.1,-7.03,30
1687755668.9599886,15.1,-7.03,30
1687755673.9963222,15.1,-7.03,30
1687755679.0411358,15.1,-7.03,30
1687755684.0757093,15.1,-7.03,30
1687755689.1209772,15.1,-7.03,30
1687755694.1575627,15.1,-7.03,30
1687755699.2029216,15.1,-7.03,30
1687755704.2372844,15.1,-7.03,30
1687755709.2833173,15.1,-7.03,30
1687755714.3175094,15.1,-7.03,30
1687755719.3647225,15.1,-7.03,30
1687755724.4031632,15.1,-7.03,30
1687755729.4480226,15.1,-7.03,30
1687755734.4827714,15.1,-7.03,30
1687755739.5316384,15.1,-7.03,30
1687755744.5705318,15.1,-7.03,30
1687755749.617257,15.1,-7.03,30
1687755754.650907,15.1,-7.03,30
1687755759.701186,15.1,-7.03,30
1687755764.7331269,15.1,-7.03,30
1687755769.7780738,15.1,-7.03,30
1687755774.8111925,15.1,-7.03,30
1687755779.855715,15.1,-7.03,30
1687755784.8901367,15.1,-7.03,30
1687755789.9382272,15.1,-7.03,30
1687755794.97577,15.1,-7.03,30
1687755800.0209103,15.1,-7.03,30
1687755805.0552733,15.1,-7.03,30
1687755810.104958,15.1,-7.03,30
1687755815.1382654,15.1,-7.03,30
1687755820.1853397,15.1,-7.03,30
1687755825.2226703,15.1,-7.03,30
1687755830.2681057,15.1,-7.03,30
1687755835.3020463,15.1,-7.03,30
1687755840.3480906,15.1,-7.03,30
1687755845.3850358,15.1,-7.03,30
1687755850.4325078,15.1,-7.03,30
1687755855.4691515,15.1,-7.03,30
1687755860.5169773,15.1,-7.03,30
1687755865.5526078,15.1,-7.03,30
1687755870.598771,15.1,-7.03,30
1687755875.6312635,15.1,-7.03,30
1687755880.6756454,15.1,-7.03,30
1687755885.713792,15.1,-7.03,30
1687755890.7605393,15.1,-7.03,30
1687755895.7947793,15.1,-7.03,30
1687755900.8440492,15.1,-7.03,30
1687755905.8838122,15.1,-7.03,30
1687755910.9284089,15.1,-7.03,30
1687755915.9623861,15.1,-7.03,30
1687755921.0072777,15.1,-7.03,30
1687755926.0432868,15.1,-7.03,30
1687755931.0892859,15.1,-7.03,30
1687755936.1276746,15.1,-7.03,30
1687755941.174213,15.1,-7.03,30
1687755946.2104442,15.1,-7.03,30
1687755951.2581508,15.1,-7.03,30
1687755956.2951066,15.1,-7.03,30
1687755961.342417,15.1,-7.03,30
1687755966.3763125,15.1,-7.03,30
1687755971.4216728,15.1,-7.03,30
1687755976.4551997,15.1,-7.03,30
1687755981.5024896,15.1,-7.03,30
1687755986.5360765,15.1,-7.03,30
1687755991.5820532,15.1,-7.03,30
1687755996.6172523,15.1,-7.03,30
1687756001.662514,15.1,-7.03,30
1687756006.7031453,15.1,-7.03,30
1687756011.7517416,15.1,-7.03,30
1687756016.7858412,15.1,-7.03,30
1687756021.8307862,15.1,-7.03,30
1687756026.8674197,15.1,-7.03,30
1687756031.9122298,15.1,-7.03,30
1687756036.9461026,15.1,-7.03,30
1687756041.9906728,15.1,-7.03,30
1687756047.0256035,15.1,-7.03,30
1687756052.070306,15.1,-7.03,30
1687756057.1058602,15.1,-7.03,30
1687756062.152226,15.1,-7.03,30
1687756067.1865795,15.1,-7.03,30
1687756072.2317502,15.1,-7.03,30
1687756077.2673001,15.1,-7.03,30
1687756082.3125992,15.1,-7.03,30
1687756087.3479702,15.1,-7.03,30
1687756092.394902,15.1,-7.03,30
1687756097.450848,15.1,-7.03,30
1687756102.4864838,15.1,-7.03,30
1687756107.5311584,15.1,-7.03,30
1687756112.5658128,15.1,-7.03,30
1687756117.6147137,15.1,-7.03,30
1687756122.6489978,15.1,-7.03,30
1687756127.6940267,15.1,-7.03,30
1687756132.729152,15.1,-7.03,30
1687756137.7748976,15.1,-7.03,30
1687756142.8082137,15.1,-7.03,30
1687756147.8538706,15.1,-7.03,30
1687756152.8868942,15.1,-7.03,30
1687756157.9316914,15.1,-7.03,30
1687756162.967536,15.1,-7.03,30
1687756168.0139601,15.1,-7.03,30
1687756173.0479717,15.1,-7.03,30
1687756178.0937693,15.1,-7.03,30
1687756183.1274567,15.1,-7.03,30
1687756188.1714823,15.1,-7.03,30
1687756193.2047613,15.1,-7.03,30
1687756198.2523003,15.1,-7.03,30
1687756203.290227,15.1,-7.03,30
1687756208.336962,15.1,-7.03,30
1687756213.3756068,15.1,-7.03,30
1687756218.4205866,15.1,-7.03,30
1687756223.4622464,15.1,-7.03,30
1687756228.5082552,15.1,-7.03,30
1687756233.5419025,15.1,-7.03,30
1687756238.5876603,15.1,-7.03,30
1687756243.6221557,15.1,-7.03,30
1687756248.6685374,15.1,-7.03,30
1687756253.707293,15.1,-7.03,30
1687756258.7516503,15.1,-7.03,30
1687756263.787056,15.1,-7.03,30
1687756268.8332791,15.1,-7.03,30
1687756273.867656,15.1,-7.03,30
1687756278.9146044,15.1,-7.03,30
1687756283.947598,15.1,-7.03,30
1687756288.9912875,15.1,-7.03,30
1687756294.0250642,15.1,-7.03,30
1687756299.0727994,15.1,-7.03,30
1687756304.1059904,15.1,-7.03,30
1687756309.1512723,15.1,-7.03,30
1687756314.1853106,15.1,-7.03,30
1687756319.2345448,15.1,-7.03,30
1687756324.2706757,15.1,-7.03,30
1687756329.316138,15.1,-7.03,30
1687756334.3495917,15.1,-7.03,30
1687756339.3945653,15.1,-7.03,30
1687756344.430754,15.1,-7.03,30
1687756349.4766765,15.1,-7.03,30
1687756354.517387,15.1,-7.03,30
1687756359.5634441,15.1,-7.03,30
1687756364.5964506,15.1,-7.03,30
1687756369.6427612,15.1,-7.03,30
1687756374.6817076,15.1,-7.03,30
1687756379.728707,15.1,-7.03,30
1687756384.7630694,15.1,-7.03,30
1687756389.8073704,15.1,-7.03,30
1687756394.8406215,15.1,-7.03,30
1687756399.8864794,15.1,-7.03,30
1687756404.919809,15.1,-7.03,30
1687756409.9640157,15.1,-7.03,30
1687756415.0004525,15.1,-7.03,30
1687756420.04512,15.1,-7.03,30
1687756425.0804205,15.1,-7.03,30
1687756430.1245933,15.1,-7.03,30
1687756435.1570568,15.1,-7.03,30
1687756440.2030127,15.1,-7.03,30
1687756445.2370896,15.1,-7.03,30
1687756450.2833698,15.1,-7.03,30
1687756455.32251,15.1,-7.03,30
1687756460.3690727,15.1,-7.03,30
1687756465.4034028,15.1,-7.03,30
1687756470.447832,15.1,-7.03,30
1687756475.482031,15.1,-7.03,30
1687756480.528666,15.1,-7.03,30
1687756485.5628355,15.1,-7.03,30
1687756490.6062648,15.1,-7.03,30
1687756495.6414292,15.1,-7.03,30
1687756500.6890194,15.1,-7.03,30
1687756505.722425,15.1,-7.03,30
1687756510.7677214,15.1,-7.03,30
1687756515.8053346,15.1,-7.03,30
1687756520.8507552,15.1,-7.03,30
1687756525.8852527,15.1,-7.03,30
1687756530.929818,15.1,-7.03,30
1687756535.9637036,15.1,-7.03,30
1687756541.0079935,15.1,-7.03,30
1687756546.0420341,15.1,-7.03,30
1687756551.088328,15.1,-7.03,30
1687756556.123112,15.1,-7.03,30
1687756561.1704788,15.1,-7.03,30
1687756566.2074616,15.1,-7.03,30
1687756571.251766,15.1,-7.03,30
1687756576.2860615,15.1,-7.03,30
1687756581.3328946,15.1,-7.03,30
1687756586.366317,15.1,-7.03,30
1687756591.4139438,15.1,-7.03,30
1687756596.4478292,15.1,-7.03,30
1687756601.4971254,15.1,-7.03,30
1687756606.5308602,15.1,-7.03,30
1687756611.5780685,15.1,-7.03,30
1687756616.6122122,15.1,-7.03,30
1687756621.6597319,15.1,-7.03,30
1687756626.6952696,15.1,-7.03,30
1687756631.7401333,15.1,-7.03,30
1687756636.7766173,15.1,-7.03,30
1687756641.823589,15.1,-7.03,30
1687756646.859067,15.1,-7.03,30
1687756651.9081714,15.1,-7.03,30
1687756656.941727,15.1,-7.03,30
1687756661.9890912,15.1,-7.03,30
1687756667.0285408,15.1,-7.03,30
1687756672.0741913,15.1,-7.03,30
1687756677.1115162,15.1,-7.03,30
1687756682.1604207,15.1,-7.03,30
1687756687.1988416,15.1,-7.03,30
1687756692.2441163,15.1,-7.03,30
1687756697.2816532,15.1,-7.03,30
1687756702.3293784,15.1,-7.03,30
1687756707.3645983,15.1,-7.03,30
1687756712.4089673,15.1,-7.03,30
1687756717.4427166,15.1,-7.03,30
1687756722.489112,15.1,-7.03,30
1687756727.5186377,15.1,-7.03,30
1687756732.5538087,15.1,-7.03,30
1687756737.5994565,15.1,-7.03,30
1687756742.6346657,15.1,-7.03,30
1687756747.6831117,15.1,-7.03,30
1687756752.7165387,15.1,-7.03,30
1687756757.7613738,15.1,-7.03,30
1687756762.7963715,15.1,-7.03,30
1687756767.8414185,15.1,-7.03,30
1687756772.8761714,15.1,-7.03,30
1687756777.9255989,15.1,-7.03,30
1687756782.9594793,15.1,-7.03,30
1687756788.0069377,15.1,-7.03,30
1687756793.0404654,15.1,-7.03,30
1687756798.084477,15.1,-7.03,30
1687756803.1207156,15.1,-7.03,30
1687756808.1668227,15.1,-7.03,30
1687756813.1958272,15.1,-7.03,30
1687756818.2287757,15.1,-7.03,30
1687756823.2729087,15.1,-7.03,30
1687756828.3093383,15.1,-7.03,30
1687756833.3423927,15.1,-7.03,30
1687756838.3798363,15.1,-7.03,30
1687756843.4127917,15.1,-7.03,30
1687756848.4412887,15.1,-7.03,30
1687756853.4716036,15.1,-7.03,30
1687756858.500191,15.1,-7.03,30
1687756863.534661,15.1,-7.03,30
1687756868.5715134,15.1,-7.03,30
1687756873.6190743,15.1,-7.03,30
1687756878.6508808,15.1,-7.03,30
1687756883.687107,15.1,-7.03,30
1687756888.732857,15.1,-7.03,30
1687756893.7632124,15.1,-7.03,30
1687756898.7921147,15.1,-7.03,30
1687756903.822506,15.1,-7.03,30
1687756908.8681788,15.1,-7.03,30
1687756913.9066763,15.1,-7.03,30
1687756918.9512691,15.1,-7.03,30
1687756923.9873483,15.1,-7.03,30
1687756929.0326133,15.1,-7.03,30
1687756934.0674388,15.1,-7.03,30
1687756939.113262,15.1,-7.03,30
1687756944.1486344,15.1,-7.03,30
1687756949.1953454,15.1,-7.03,30
1687756954.2288032,15.1,-7.03,30
1687756959.2625268,15.1,-7.03,30
1687756964.3069513,15.1,-7.03,30
1687756969.3404577,15.1,-7.03,30
1687756974.3846216,15.1,-7.03,30
1687756979.4190123,15.1,-7.03,30
1687756984.46419,15.1,-7.03,30
1687756989.4985309,15.1,-7.03,30
1687756994.5438352,15.1,-7.03,30
1687756999.5813909,15.1,-7.03,30
1687757004.6278048,15.1,-7.03,30
1687757009.663106,15.1,-7.03,30
1687757014.707502,15.1,-7.03,30
1687757019.7445478,15.1,-7.03,30
1687757024.7795234,15.1,-7.03,30
1687757029.8173146,15.1,-7.03,30
1687757034.8528273,15.1,-7.03,30
1687757039.899613,15.1,-7.03,30
1687757044.9349837,15.1,-7.03,30
1687757049.9830904,15.1,-7.03,30
1687757055.0170596,15.1,-7.03,30
1687757060.062255,15.1,-7.03,30
1687757065.0960577,15.1,-7.03,30
1687757070.142686,15.1,-7.03,30
1687757075.1761894,15.1,-7.03,30
1687757080.2235336,15.1,-7.03,30
1687757085.2569962,15.1,-7.03,30
1687757090.3052216,15.1,-7.03,30
1687757095.3387513,15.1,-7.03,30
1687757100.3855896,15.1,-7.03,30
1687757105.420928,15.1,-7.03,30
1687757110.468086,15.1,-7.03,30
1687757115.501861,15.1,-7.03,30
1687757120.5474699,15.1,-7.03,30
1687757125.5815625,15.1,-7.03,30
1687757130.625533,15.1,-7.03,30
1687757135.6600127,15.1,-7.03,30
1687757140.705245,15.1,-7.03,30
1687757145.742725,15.1,-7.03,30
1687757150.7970316,15.1,-7.03,30
1687757155.8340929,15.1,-7.03,30
1687757160.879657,15.1,-7.03,30
1687757165.9128494,15.1,-7.03,30
1687757170.9588637,15.1,-7.03,30
1687757175.9915743,15.1,-7.03,30
1687757181.0361288,15.1,-7.03,30
1687757186.0713258,15.1,-7.03,30
1687757191.1185446,15.1,-7.03,30
1687757196.153144,15.1,-7.03,30
1687757201.199879,15.1,-7.03,30
1687757206.233021,15.1,-7.03,30
1687757211.2643774,15.1,-7.03,30
1687757216.311493,15.1,-7.03,30
1687757221.3451533,15.1,-7.03,30
1687757226.3912387,15.1,-7.03,30
1687757231.4367423,15.1,-7.03,30
1687757236.474009,15.1,-7.03,30
1687757241.5152595,15.1,-7.03,30
1687757246.5614707,15.1,-7.03,30
1687757251.591846,15.1,-7.03,30
1687757256.6306875,15.1,-7.03,30
1687757261.66457,15.1,-7.03,30
1687757266.7093613,15.1,-7.03,30
1687757271.749329,15.1,-7.03,30
1687757276.7913384,15.1,-7.03,30
1687757281.8284156,15.1,-7.03,30
1687757286.8705952,15.1,-7.03,30
1687757291.9269276,15.1,-7.03,30
1687757296.963924,15.1,-7.03,30
1687757302.0062397,15.1,-7.03,30
1687757307.0438044,15.1,-7.03,30
1687757312.0965052,15.1,-7.03,30
1687757317.1337771,15.1,-7.03,30
1687757322.1638262,15.1,-7.03,30
1687757327.2050998,15.1,-7.03,30
1687757332.240326,15.1,-7.03,30
1687757337.2869785,15.1,-7.03,30
1687757342.3234801,15.1,-7.03,30
1687757347.3693984,15.1,-7.03,30
1687757352.4227304,15.1,-7.03,30
1687757357.4565475,15.1,-7.03,30
1687757362.4884696,15.1,-7.03,30
1687757367.5330431,15.1,-7.03,30
1687757372.56851,15.1,-7.03,30
1687757377.61303,15.1,-7.03,30
1687757382.646654,15.1,-7.03,30
1687757387.691365,15.1,-7.03,30
1687757392.7280393,15.1,-7.03,30
1687757397.7667546,15.1,-7.03,30
1687757402.8039956,15.1,-7.03,30
1687757407.8397465,15.1,-7.03,30
1687757412.8864746,15.1,-7.03,30
1687757417.9191403,15.1,-7.03,30
1687757422.9648829,15.1,-7.03,30
1687757428.0005975,15.1,-7.03,30
1687757433.0481153,15.1,-7.03,30
1687757438.0859096,15.1,-7.03,30
1687757443.131309,15.1,-7.03,30
1687757448.1697774,15.1,-7.03,30
1687757453.2142448,15.1,-7.03,30
1687757458.251106,15.1,-7.03,30
1687757463.2956166,15.1,-7.03,30
1687757468.3291798,15.1,-7.03,30
1687757473.37587,15.1,-7.03,30
1687757478.40899,15.1,-7.03,30
1687757483.4572015,15.1,-7.03,30
1687757488.4906135,15.1,-7.03,30
1687757493.5367155,15.1,-7.03,30
1687757498.5704937,15.1,-7.03,30
1687757503.618888,15.1,-7.03,30
1687757508.656532,15.1,-7.03,30
1687757513.705316,15.1,-7.03,30
1687757518.7423992,15.1,-7.03,30
1687757523.7881255,15.1,-7.03,30
1687757528.823171,15.1,-7.03,30
1687757533.8693726,15.1,-7.03,30
1687757538.9038393,15.1,-7.03,30
1687757543.9538398,15.1,-7.03,30
1687757548.989271,15.1,-7.03,30
1687757554.0361402,15.1,-7.03,30
1687757559.0706027,15.1,-7.03,30
1687757564.11779,15.1,-7.03,30
1687757569.1501307,15.1,-7.03,30
1687757574.1948795,15.1,-7.03,30
1687757579.2315648,15.1,-7.03,30
1687757584.2785873,15.1,-7.03,30
1687757589.3121855,15.1,-7.03,30
1687757594.358713,15.1,-7.03,30
1687757599.3935456,15.1,-7.03,30
1687757604.4392161,15.1,-7.03,30
1687757609.4745352,15.1,-7.03,30
1687757614.5253923,15.1,-7.03,30
1687757619.5586948,15.1,-7.03,30
1687757624.6053464,15.1,-7.03,30
1687757629.639385,15.1,-7.03,30
1687757634.6731687,15.1,-7.03,30
1687757639.7227266,15.3,-7.03,30
1687757644.756138,15.3,-7.03,30
1687757649.7908685,15.3,-7.03,30
1687757654.8329592,15.3,-7.03,30
1687757659.8645737,15.3,-7.03,30
1687757664.911454,15.3,-7.03,30
1687757669.9619057,15.3,-7.03,30
1687757674.994082,15.3,-7.03,30
1687757680.0437465,15.3,-7.03,30
1687757685.0750914,15.3,-7.03,30
1687757690.1214428,15.3,-7.03,30
1687757695.1541502,15.3,-7.03,30
1687757700.1933744,15.3,-7.03,30
1687757705.2433822,15.3,-7.03,30
1687757710.2732844,15.3,-7.03,30
1687757715.3221033,15.3,-7.03,30
1687757720.3517072,15.3,-7.03,30
1687757725.4023688,15.3,-7.03,30
1687757730.4531105,15.3,-7.03,30
1687757735.4816463,15.3,-7.03,30
1687757740.5342634,15.3,-7.03,30
1687757745.5656085,15.3,-7.03,30
1687757750.619191,15.3,-7.03,30
1687757755.648529,15.3,-7.03,30
1687757760.6985695,15.3,-7.03,30
1687757765.7291672,15.3,-7.03,30
1687757770.7776587,15.3,-7.03,30
1687757775.8068373,15.3,-7.03,30
1687757780.858436,15.3,-7.03,30
1687757785.8889523,15.3,-7.03,30
1687757790.9410245,15.3,-7.03,30
1687757795.9700825,15.3,-7.03,30
1687757801.017937,15.3,-7.03,30
1687757806.0679886,15.3,-7.03,30
1687757811.0970821,15.3,-7.03,30
1687757816.1474054,15.3,-7.03,30
1687757821.1809132,15.3,-7.03,30
1687757826.2319713,15.3,-7.03,30
1687757831.2624898,15.3,-7.03,30
1687757836.3108025,15.3,-7.03,30
1687757841.3413365,15.3,-7.03,30
1687757846.3890054,15.3,-7.03,30
1687757851.4186342,15.3,-7.03,30
1687757856.4464648,15.3,-7.03,30
1687757861.4865272,15.3,-7.03,30
1687757866.5215187,15.3,-7.03,30
1687757871.5513651,15.3,-7.03,30
1687757876.596379,15.3,-7.03,30
1687757881.6274555,15.3,-7.03,30
1687757886.6732745,15.3,-7.03,30
1687757891.7057726,15.3,-7.03,30
1687757896.750489,15.3,-7.03,30
1687757901.7818947,15.3,-7.03,30
1687757906.833765,15.3,-7.03,30
1687757911.8784037,15.3,-7.03,30
1687757916.9104254,15.3,-7.03,30
1687757921.959614,15.3,-7.03,30
1687757926.9927049,15.3,-7.03,30
1687757932.0401583,15.3,-7.03,30
1687757937.0731983,15.3,-7.03,30
1687757942.1233573,15.3,-7.03,30
1687757947.1671872,15.3,-7.03,30
1687757952.2020373,15.3,-7.03,30
1687757957.246961,15.3,-7.03,30
1687757962.2804682,15.3,-7.03,30
1687757967.334065,15.3,-7.03,30
1687757972.3794193,15.3,-7.03,30
1687757977.412564,15.3,-7.03,30
1687757982.4528275,15.3,-7.03,30
1687757987.4935918,15.3,-7.03,30
1687757992.5465899,15.3,-7.03,30
1687757997.5891693,15.3,-7.03,30
1687758002.6270442,15.3,-7.03,30
1687758007.6695998,15.3,-7.03,30
1687758012.7087815,15.3,-7.03,30
1687758017.7587106,15.3,-7.03,30
1687758022.7993677,15.3,-7.03,30
1687758027.8370233,15.3,-7.03,30
1687758032.8776338,15.3,-7.03,30
1687758037.9150536,15.3,-7.03,30
1687758042.9529223,15.3,-7.03,30
1687758047.9910016,15.3,-7.03,30
1687758053.039401,15.3,-7.03,30
1687758058.079545,15.3,-7.03,30
1687758063.1179829,15.3,-7.03,30
1687758068.1570404,15.3,-7.03,30
1687758073.196483,15.3,-7.03,30
1687758078.2465923,15.3,-7.03,30
1687758083.2827802,15.3,-7.03,30
1687758088.3231158,15.3,-7.03,30
1687758093.3612907,15.3,-7.03,30
1687758098.4000654,15.3,-7.03,30
1687758103.449583,15.3,-7.03,30
1687758108.4999511,15.3,-7.03,30
1687758113.5529037,15.3,-7.03,30
1687758118.5905523,15.3,-7.03,30
1687758123.6327622,15.3,-7.03,30
1687758128.6744893,15.3,-7.03,30
1687758133.7168815,15.3,-7.03,30
1687758138.754747,15.3,-7.03,30
1687758143.7991126,15.3,-7.03,30
1687758148.8356419,15.3,-7.03,30
1687758153.865626,15.3,-7.03,30
1687758158.9052882,15.3,-7.03,30
1687758163.9575887,15.3,-7.03,30
1687758168.9939437,15.3,-7.03,30
1687758174.0359166,15.3,-7.03,30
1687758179.0759592,15.3,-7.03,30
1687758184.120146,15.3,-7.03,30
1687758189.1699307,15.3,-7.03,30
1687758194.2058015,15.3,-7.03,30
1687758199.2486353,15.3,-7.03,30
1687758204.2834234,15.3,-7.03,30
1687758209.3312008,15.3,-7.03,30
1687758214.3641965,15.3,-7.03,30
1687758219.410266,15.3,-7.03,30
1687758224.4609249,15.3,-7.03,30
1687758229.494858,15.3,-7.03,30
1687758234.5397432,15.3,-7.03,30
1687758239.5738935,15.3,-7.03,30
1687758244.6185226,15.3,-7.03,30
1687758249.651846,15.3,-7.03,30
1687758254.6965744,15.3,-7.03,30
1687758259.7301404,15.3,-7.03,30
1687758264.7770836,15.3,-7.03,30
1687758269.810562,15.3,-7.03,30
1687758274.840342,15.3,-7.03,30
1687758279.8870184,15.3,-7.03,30
1687758284.922428,15.3,-7.03,30
1687758289.9670043,15.3,-7.03,30
1687758295.0001473,15.3,-7.03,30
1687758300.0452805,15.3,-7.03,30
1687758305.0795577,15.3,-7.03,30
1687758310.12581,15.3,-7.03,30
1687758315.159668,15.3,-7.03,30
1687758320.2044692,15.3,-7.03,30
1687758325.2428122,15.3,-7.03,30
1687758330.2906306,15.3,-7.03,30
1687758335.323966,15.3,-7.03,30
1687758340.3534205,15.3,-7.03,30
1687758345.3982892,15.3,-7.03,30
1687758350.4320772,15.3,-7.03,30
1687758355.4774601,15.3,-7.03,30
1687758360.5105696,15.3,-7.03,30
1687758365.5482202,15.3,-7.03,30
1687758370.5829108,15.3,-7.03,30
1687758375.6193097,15.3,-7.03,30
1687758380.6650884,15.3,-7.03,30
1687758385.7005632,15.3,-7.03,30
1687758390.7445073,15.3,-7.03,30
1687758395.7762203,15.3,-7.03,30
1687758400.8051682,15.3,-7.03,30
1687758405.848796,15.3,-7.03,30
1687758410.8833206,15.3,-7.03,30
1687758415.922657,15.3,-7.03,30
1687758420.9576786,15.3,-7.03,30
1687758425.9907112,15.3,-7.03,30
1687758431.0370505,15.3,-7.03,30
1687758436.0702353,15.3,-7.03,30
1687758441.1203446,15.3,-7.03,30
1687758446.153549,15.3,-7.03,30
1687758451.202194,15.3,-7.03,30
1687758456.2324533,15.3,-7.03,30
1687758461.2656512,15.3,-7.03,30
1687758466.3153613,15.3,-7.03,30
1687758471.350444,15.3,-7.03,30
1687758476.3978307,15.3,-7.03,30
1687758481.4318023,15.3,-7.03,30
1687758486.476571,15.3,-7.03,30
1687758491.511381,15.3,-7.03,30
1687758496.555849,15.3,-7.03,30
1687758501.590485,15.3,-7.03,30
1687758506.6345572,15.3,-7.03,30
1687758511.6680872,15.3,-7.03,30
1687758516.711981,15.3,-7.03,30
1687758521.7481868,15.3,-7.03,30
1687758526.795882,15.3,-7.03,30
1687758531.829743,15.3,-7.03,30
1687758536.8763452,15.3,-7.03,30
1687758541.9120471,15.3,-7.03,30
1687758546.9565833,15.3,-7.03,30
1687758551.9906175,15.3,-7.03,30
1687758557.0352619,15.3,-7.03,30
1687758562.069661,15.3,-7.03,30
1687758567.115387,15.3,-7.03,30
1687758572.1549435,15.3,-7.03,30
1687758577.2001348,15.3,-7.03,30
1687758582.2356834,15.3,-7.03,30
1687758587.2812018,15.3,-7.03,30
1687758592.319912,15.3,-7.03,30
1687758597.3666167,15.3,-7.03,30
1687758602.4022067,15.3,-7.03,30
1687758607.445815,15.3,-7.03,30
1687758612.4795225,15.3,-7.03,30
1687758617.526965,15.3,-7.03,30
1687758622.5620937,15.3,-7.03,30
1687758627.608738,15.3,-7.03,30
1687758632.644463,15.3,-7.03,30
1687758637.6912382,15.3,-7.03,30
1687758642.7293487,15.3,-7.03,30
1687758647.7753,15.3,-7.03,30
1687758652.8112047,15.3,-7.03,30
1687758657.8577669,15.3,-7.03,30
1687758662.893376,15.3,-7.03,30
1687758667.9376202,15.3,-7.03,30
1687758672.969965,15.3,-7.03,30
1687758677.9978817,15.3,-7.03,30
1687758683.042548,15.3,-7.03,30
1687758688.078451,15.3,-7.03,30
1687758693.11074,15.3,-7.03,30
1687758698.1512349,15.3,-7.03,30
1687758703.1800034,15.3,-7.03,30
1687758708.2166905,15.3,-7.03,30
1687758713.2602527,15.3,-7.03,30
1687758718.2912762,15.3,-7.03,30
1687758723.3356671,15.3,-7.03,30
1687758728.3681548,15.3,-7.03,30
1687758733.4131074,15.3,-7.03,30
1687758738.4467769,15.3,-7.03,30
1687758743.4994407,15.3,-7.03,30
1687758748.5335343,15.3,-7.03,30
1687758753.5684204,15.3,-7.03,30
1687758758.609442,15.3,-7.03,30
1687758763.6438215,15.3,-7.03,30
1687758768.689847,15.3,-7.03,30
1687758773.7240322,15.3,-7.03,30
1687758778.762755,15.3,-7.03,30
1687758783.797158,15.3,-7.03,30
1687758788.8293307,15.3,-7.03,30
1687758793.86625,15.3,-7.03,30
1687758798.8988163,15.3,-7.03,30
1687758803.9334013,15.3,-7.03,30
1687758808.9847767,15.3,-7.03,30
1687758814.0181935,15.3,-7.03,30
1687758819.0478709,15.3,-7.03,30
1687758824.089167,15.3,-7.03,30
1687758829.1215932,15.3,-7.03,30
1687758834.157194,15.3,-7.03,30
1687758839.2028136,15.3,-7.03,30
1687758844.2360837,15.3,-7.03,30
1687758849.2798576,15.3,-7.03,30
1687758854.3118157,15.3,-7.03,30
1687758859.3554223,15.3,-7.03,30
1687758864.3907866,15.3,-7.03,30
1687758869.4384246,15.3,-7.03,30
1687758874.4725413,15.3,-7.03,30
1687758879.5212352,15.3,-7.03,30
1687758884.5543776,15.3,-7.03,30
1687758889.5972428,15.3,-7.03,30
1687758894.6307454,15.3,-7.03,30
1687758899.6760309,15.3,-7.03,30
1687758904.7127979,15.3,-7.03,30
1687758909.7569938,15.3,-7.03,30
1687758914.7908738,15.3,-7.03,30
1687758919.837767,15.3,-7.03,30
1687758924.8708394,15.3,-7.03,30
